title,ups,downs,num_comments
.gif I painted after seeing Django Unchained. Such a good movie.,16439,11223,630
Adorable tribute to 9 of Tom Hanks' most famous performances,25706,21144,1292
I'm Samuel L Jackson and I'll record a video of me saying any 300 word monologue you upvote the most by the end of tomorrow(Thursday night PST),90038,85625,14915
The last video store in my area closed down a few days ago. I received this from them.,22077,18030,848
"I once owned a DeLorean, so I took it to the BTTF houses. [x-post from /r/BacktotheFuture]",15565,11757,557
The Green Dragon in Hobbiton. A real and operating pub.,25152,21414,569
Here's a feature that Rotten Tomatoes needs.,24408,20705,803
"All the Bonds, down the barrel",27414,23800,1634
"Charlie Chaplin in front of New York crowd, 1918",11904,8317,675
The Chicago Tribune's cartoon tribute to Roger Ebert :'(,28908,25333,822
Pixar story artist Josh Cooley created a book of movie stills as if it were a children's storybook.,16482,12949,394
This is how they created moonlight for DJANGO UNCHAINED,23998,20511,730
Goldeneye (1995): Derek Meddings puts the finishing touches on his Siberian landscape,12144,8684,353
"A 1927 Paramount Studio Map of the southern California suggesting locations where movies could be shot, instead of going to the actual places.",20358,16947,1139
Roger Ebert dies at 70 after battle with cancer,31638,28235,2115
29 examples of twin movies that came out around the same time.,33540,30136,5156
Jeff Bridges to star as the title role in The Giver,6937,3554,536
"Steven Spielberg's ""Obama"". With Daniel Day-Lewis starring as Obama, and Tracy Morgan as Joe Biden.",27772,24435,1268
Star Wars Episode 7 to see less CGI and more models and real droids (x-post r/badrobot),17087,13783,1610
R.I.P. James Gandolfini,43097,39830,3218
I finally found the Tarantino Universe character in Django.,34879,31622,1211
First Ender's Game Movie Still Released!,14606,11368,2723
Darren Aronofsky's 'Noah' delayed due to flooding.,8593,5367,483
"Since we already have the technology, why don't we make movies in cinemas accessible to deaf people like this?",22285,19074,849
"""Now don't tell me you don't remember me Reddit, because I sure as heckfire remember you!"" - Stephen Tobolowsky",16613,13414,669
Thorin practicing with Orcrist [x-post from r/TheHobbit],7246,4048,195
"Liam Neeson on why there won't be a Taken 3: ""She can’t get taken again.  That’s just bad parenting""",27526,24390,938
The Onion: 'The Internship' Poised To Be Biggest Comedy Of 2005,15563,12441,1205
"PSA: If you tell someone there is a twist in a film, that is still ruining the twist.",28529,25409,1623
How one theatre in Paris is showing Life of Pi...,23283,20171,844
Amazing Behind The Scene Photos of Famous Hits [From Inception to Start Wars],18193,15091,879
Mr. Jackson muthaphukkan delivers! Here's Monologue #1!,43755,40672,2335
New Star Trek Into Darkness Poster released,14527,11460,1815
How Hollywood could kill movie piracy (if they wanted to),24338,21262,2271
"007 Stuntman runs across the backs of live gators REPEATEDLY to get the shot in ""Live and Let Die"" (see: things that would never be attempted today) -- EDITED to include correct link",10779,7714,570
66 photos chronicling the making of THE EMPIRE STRIKES BACK (1980),24962,21910,1218
As Promised. The Sequel: More Biopic Actors &amp; Their Real Life Counterparts.,24388,21339,2218
awesome glow-in-the-dark Fight Club poster,25389,22349,546
I always liked how Pixar bookended the Toy Story trilogy,36935,33887,1029
Man of Steel - Official Trailer 3 [HD],21065,18038,3105
'Skyfall' had some of the best color and shadow I've seen all year.,19429,16408,1757
Clint Eastwood. Hand drawn by me.,19906,16914,619
Anthony Hopkins outs the Oscars as a scam: it's not about the merits of the movie; it's about how much you kiss the Academy members' asses.,10300,7324,993
First poster for Elysium,9232,6246,820
'Empire Strikes Back' and 'Return of the Jedi' writer hired for new 'Star Wars' trilogy | The Verge,9936,6971,829
Plot of next Bond film,8096,5142,582
"Samuel L. Jackson REALLY wants to be in Star Wars: Episode VII - ""I can come back as one-armed or a one-handed Jedi that's still around that didn't actually die. I could do that or be a ghost hologram. I don't care, I just want to stay associated with the franchise.""",20866,17911,2192
"AMC Theaters says ""Fuck the MPAA""; will screen Bully and allow teens to download a permission slip for their parents to sign so they can see it.",14885,11932,902
The real name of M (played by Judi Dench) spotted at the end of SKYFALL [spoilers],26054,23114,859
"""HER"" trailer. New movie from Spike Jones starring Joaquin Phoenix and Scarlett Johansson",10241,7306,1659
"Probably the best ""solving the mystery"" scene in movie history. (Black Dynamite)",9523,6591,399
Werner Herzog Made a Documentary About Texting While Driving. And It’s Haunting.,11951,9023,1906
Gene Wilder's demands for playing Willy Wonka.,16814,13904,906
Just noticed that Blade Runner and (500) Days of Summer filmed at the same location,17553,14652,523
Dusted off Honey I Shrunk The Kids. You can clearly see the backlot wall painted as the sky in the first shots. Even IMDB Goofs missed it somehow.,14177,11264,547
This is the one deleted scene from Empire Strikes Back I wish was restored.,25375,22476,1094
ENDER'S GAME -- Trailer,20210,17315,4301
Patton Oswalt's Amazing Ideas for Star Wars Episode VII during the filming of Parks and Rec,16908,14017,1373
"South Park creators launch studio, first product is likely to be a big screen version of “The Book of Mormon”",15857,12962,807
Adorable tribute to the rancor from Star Wars Episode VI: The Return of the Jedi,16579,13690,631
Breaking down the highest grossing movie franchises,17993,15110,1864
Gorgeous portraits of movie characters (and some classic shots),19997,17123,844
Pixar’s 22 Rules of Storytelling (x-post from r/writing),15579,12709,971
The top 250 movies on IMDB in 2 1/2 minutes. brilliant editing here.,13377,10501,1012
A detailed history of aspect ratios,7833,4964,719
'X-Men' first look: 'Days of Future Past' posters split the difference. (Entertainment Weekly),16291,13437,846
First 'Escape Plan' poster,14523,11674,1031
The Act of Killing - Official Trailer. Holy shhhiiiiii-,8241,5408,919
Moving Neon Film Posters,8063,5238,99
'Kick-Ass 2' stuntmen rescue suicidal woman on balcony at Comic-Con,15298,12479,829
Cast photo for 'X-Men: Days of Future Past' (from Patrick Stewarts twitter account).,12811,9991,1621
STAR WARS EPISODE VII Will Have Harrison Ford Coming Back As Han Solo,29154,26330,2593
"I posted a series of stories on r/nosleep, ran a Kickstarter, published a book, and now an Academy Award winning producer wants to turn my novel into a feature film! Reddit, you've changed my life!",9023,6211,477
"Noticed this in a recent viewing of Hot Fuzz. The little things Edgar Wright does, that you may not notice the first time around, make his films just a little more special to me.",10056,7240,563
Iron Man 3 -- Official Trailer Marvel | HD,15635,12821,2152
"Shaq explains why he did the movie ""Kazaam"".",16368,13555,996
The Hobbit: The Desolation of Smaug Trailer,16146,13350,1841
Went to see The Hobbit in 3D tonight. These were a revelation.,18554,15759,1041
Noticed some foreshadowing on Einhorn's desk while watching Ace Ventura today.,27670,24888,712
An ad for the Muppets from 1963,11934,9167,285
"Here is a fantastic collection of Guillermo del Toro's gorgeous concept art that he draws in his sketchbook. It covers every film he's made since 2001, including his failed adaptation of ""At the Mountains of Madness"".",11021,8256,552
"Watchmen ""You're locked in here with me!"" [0:51] One of the most badass lines in comic book history.",16593,13830,1491
"A 28 year-old Jenny Joseph modeling for what would become today's Columbia Pictures logo. She had never modeled before, and hasn't since. (Story in comments)",23943,21194,649
"Kevin Smith on George Carlin and ""Dogma"". I rolled a tear.",12190,9440,709
J.J Abrams To Direct Star Wars Ep. VII,22556,19817,3438
'Shopped Stills From Action Movies with Guns Replaced with Thumbs-Ups,11669,8936,249
"How Saul Bass, film title designer for directors like Hitchcock and Scorsese, would sign off on his letters.",12752,10037,188
The three types of time travel in movies,15310,12602,1203
TIL Leonardo DiCaprio is the highest grossing actor to have never made a sequel,17688,14981,1289
Netflix and Ron Howard are in talks to bring Stephen King's Dark Tower to the screen,7333,4629,1021
Scorsese's 'The Wolf Of Wall Street' Trailer Debut,6097,3392,986
"I'll tell you why movie revenue is dropping... -Roger 
Ebert",9232,6526,2068
Watched The Lord of the Rings on Friday with a live orchestra playing the soundtrack.  It was amazing!,18423,15723,703
"TIL James Franco, Aziz Ansari, Seth Rogen, Jonah Hill, and Danny McBride are going to play themselves in an upcoming comedy movie in which ""James Franco's having a party at his house, and the Apocalypse starts happening.""",8910,6220,426
"Dear Hollywood, stop making the music and sounds effects so loud and the spoken dialogue so quiet. I want to hear what people are saying in movies and tv shows",18795,16110,1944
Mike Mitchell's Amazing Movie Character Portraits,17899,15222,713
The amount of CGI and work put into this (The Avengers) blew my mind.,11363,8680,994
"""Jack and Jill"" wins all ten categories at the Razzies this year, with Adam Sandler winning the award for both ""Worst Actor"" and ""Worst Actress.""",11657,8976,949
Gravity - Official Trailer,7593,4914,1907
Peter Jackson's cameos in The Lord of the Rings trilogy,19516,16837,745
"Tarantino refuses to go digital, so he bought a theater and was quoted as saying: ""As long as I'm alive, and as long as I'm rich, the New Beverly will be there, showing double features in 35mm.""",15299,12626,1375
Something I never noticed before: Carrie Fisher's coke nail in Return of the Jedi,20875,18207,1843
Nicolas Cage: 'People think I'm not in on the joke',12765,10109,1197
My friends made a Jurassic Park car! (x-post from /r/pics),33109,30447,1118
"The Breakfast Club, fun fact about the 'why I'm in detention' scene",20795,18134,821
Man Of Tai Chi - International Trailer (directed by and starring Keanu Reeves),8056,5400,1076
"Take a look at one of the Sentinels from ""X-Men: Days of Future Past""",18151,15501,1279
"my grand-aunt is a good friend of Ed Norton, so this is what i received for hanukkah tonight",21080,18426,787
100 Films | 100 Behind the Scenes Photos (1931-2012),15064,12425,695
"This is the first piece of concept art released for Pixar's upcoming film, ""Inside Out"". It's about an 11-year girl's mind and the things that live inside of it. Lewis Black voices Anger, Mindy Kaling as Disgust, Bill Hader as Fear, Amy Poehler as Joy, and Phyllis Smith as Sadness.",20000,17363,1434
"Man of Steel - ""Fate of Your Planet"" Official Trailer [HD]",8310,5678,1383
"Glow In the Dark ""2001: A Space Odyssey"" poster by artist Chris Thornley",10140,7507,191
"Takashi Miike's making his first English-language film, ""The Outsider."" It's going to star Tom Hardy as an American GI who joins the yakuza.",9999,7363,601
Beautiful Pre-Production Artwork from The Lion King,17988,15365,531
Pacific Rim - WonderCon Footage,10698,8070,2201
Every suit worn by Robert De Niro in the movie Casino,14924,12303,624
"First Look at Tom Hanks as Walt Disney and Emma Thompson as ""Mary Poppins"" author P.L. Travers in ‘Saving Mr. Banks’",19458,16840,959
Decided to rewatch Labyrinth. Anyone noticed Bowie's face in some scenes?,14879,12258,973
First official still from Edgar Wright's new movie The World's End,15085,12468,860
Man of Steel - Official Trailer #2 [HD],15281,12668,2813
The Evolution of Wolverine's Costumes,9317,6700,426
J. J. Abrams Says John Williams Will Return To Score Episode VII!,16846,14240,622
"ALL IS LOST -- trailer for one of the most buzzed-about films at this year's Cannes. Starring only Robert Redford, in a largely dialogue-free role.",5881,3268,761
Watching Pacific Rim made me realize how much I missed Matrix-style fight scenes where I can actually tell what is going on (looking at you Transformers),12510,9899,2089
The 1974 Gatsby re-cut in the style of the 2013 trailer.,9439,6840,683
Hobbit-themed baggage carousel from Air New Zealand,10062,7473,197
"I was just watching Stargate, and I noticed that you could see a bounce card and an entire crew in Kurt Russell's glasses! What are some  of the most egregious movie mistakes you've noticed?",13712,11113,2865
Star Trek Into Darkness - Final Trailer (HD),8349,5754,1915
Michael Clarke Duncan has passed away,23016,20418,1546
"Don Jon Trailer #1, with Joseph Gordon-Levitt and Scarlett Johansson",9653,7069,1084
"First Trailer released for ""The World's End"" starring Simon Pegg &amp; Nick Frost, directed by Edgar Wright.",8641,6046,855
"Disney just bought LucasFilm, thoughts?",16702,14114,7456
'Dredd' Tops DVD And Blu-Ray Sales Charts,11836,9258,1930
"TIL Peter mayhew (Chewbacca) was required to be accompanied by crewmembers who wore brightly-colored vests while in the forests of the Pacific Northwest filming scenes set on Endor, so as not to be mistaken for Bigfoot.",15864,13284,362
The Dude's sweater was worn in 1984 in East Germany (in the movie The Lives of Others),11527,8948,481
First trailer for the Hobbit.,10584,8000,1405
First official image of Peter Dinklage in X-Men : Days of The Future Past,21361,18782,1408
"""Pacific Rim"" hits $91,000,000 for opening weekend",16374,13793,4539
Pacific Rim - Official Trailer,9518,6944,2941
Guillermo del Toro is trying to make a Slaughterhouse Five movie written by Charlie Kaufman,9449,6877,606
88 Behind the scenes photos from the Lord of the Rings,14734,12160,959
First trailer for American Hustle,7471,4897,1104
Contact (1997) Opening Scene. Still blows my mind to this day.,9540,6966,1547
"John Williams ""happy and willing"" to return to score Star Wars Episode VII.",15621,13049,753
"I'm taking a freshman seminar called ""Modern Science Fiction Cinema"" and this is the list of required films.",17143,14585,2902
First official picture of Daniel Day-Lewis as President Lincoln in Steven Spielberg's new film.,13179,10624,753
TDKR - Bane Outtakes.  A friend of mine made these.  I didn't know I had clever friends.,10566,8009,587
"The Man of Steel was filmed in my hometown. Over a year later, this is all that remains from the set...",8803,6245,279
"This letter came with the review copy of ""The Dictator"" on Blu-ray.",14961,12409,457
Prometheus - Everything explained and analysed *SPOILERS*,4582,2026,2301
"Ferris Bueller's Day Off cast, then and now",14080,11529,1506
"Since George Lucas will donate most of his Disney proceeds to charity, this means the Star Wars films have done more quantifiable good for humanity than any work of art in history.  (Yes, even the prequels.  ESPECIALLY the prequels).",12125,9568,1069
Godzilla poster for Comic-Con,13019,10470,1178
The Wreck-It Ralph promo team is doing it right.,11217,8677,390
I drove around in cane fields for a few hours to find the diner from Looper.,11152,8620,689
Harrison Ford Joins Anchorman: The Legend Continues!,15581,13043,502
"First official teaser for ""The Lego Movie""",6712,4183,790
"Star Wars Episode VII - The Gauntlet of Infinity movie poster, as envisioned by Patton Oswalt",22153,19627,862
"French teacher suspended for one day after showing 'Saw' to a classroom of 11-year-olds, saying ""This will be your first horror movie.""",9258,6728,1614
A strange difference I noticed from the trailer to the actual film in World War Z... Why would they do this?,19005,16470,2235
New Die Hard movie ad in Oslo,14352,11827,313
Film director Tony Scott jumps to his death from Vincent Thomas Bridge,9270,6743,1482
Anyone remember the TVs/electronics that were being stolen in Fas &amp; Furious 1 (2001),16972,14446,1062
Gorgeous Pixar &amp; Disney Concept Art,11578,9060,292
Muppets Co-Creator Jane Henson Dies at 78,6435,3917,99
"""Planes"" is just one more step in Disney's watering down of the Pixar legacy",8662,6149,1612
"The Rest of Jeff Victor's Adorable Character Evolution Series. Includes Sigourney Weaver, Kurt Russell, Batman, Bill Murray, Jack Nicholson, Natalie Portman, Rick Moranis, and Johnny Depp.",10782,8267,474
"Days of Future Past promo featuring Bishop, Colossus, Prof X (old), and Magneto (old)",8239,5727,1269
"The ""C-3POscar"": given to Lucasfilm employees to commemorate twenty years of service",14673,12165,177
The Worst Films on Sale at Cannes 2013,14314,11811,2477
"Frodo turning into a Gollum-like creature. This is a behind the scenes image from a deleted scene in LotR; it was intended to occur right after Frodo freaks out on Faramir, when Faramir is pushing him against the wall with his sword.",17130,14618,1307
You know the scene in Toy Story where the shark is wearing Woody's hat?  It comes from a Far Side comic by Gary Larson.,18644,16143,537
"Alfred Hitchcock, in a conversation with French director Francois Truffaut, explains surprise vs. suspense",7812,5314,439
"For a 1927 film, Metropolis had some rather remarkable movie posters",12032,9536,808
"Bruce Campbell explains the secret of great film-making: ""give a sh-t, and don't treat audiences like they're stupid.""",13579,11085,633
"Awesome promostunt for Skyfall: ""Unlock the 007 in you""",8808,6314,798
Pics from The Hobbit Royal Premiere in London last night,13050,10562,936
PSA: Saying there is a twist at the end of something is still a SPOILER.,8714,6225,792
Groundhog Day Interesting Facts,13409,10914,1281
I'm Samuel L. Jackson and I'm going to read another monologue (my favorite) if we get to $100k in donations! We're nearly there!!,21251,18762,2475
Smith began to write Clerks III this morning at 4:20.,31571,29080,1782
Biopic Actors &amp; Their Real-Life Counterparts,16538,14060,1379
Why is Netflix secretly cropping movies?,16541,14067,1170
Ron Perlman visited a child in full Hellboy costume for Make a Wish Foundation,12217,9737,547
"Adele to perform Skyfall live at the Academy Awards; all 6 Bonds to appear together for the first time ever: Sean Connery, George Lazenby, Roger Moore, Timothy Dalton, Pierce Brosnan and Daniel Craig",16886,14409,1025
"The cast of Return Of The Jedi, 30 years on. (X-post from r/starwars)",15251,12774,1828
14 fantastic foreign sci-fi movies you really need to see,10610,8138,1369
I always thought this was a great addition to the Blues Brothers credits. It would be nice to see modern movies follow suit.,16256,13789,500
George Lucas to donate all $4 Billion from Disney to Children's education,5861,3396,367
First image of Benicio del Toro as Pablo Escobar,15564,13109,814
"The cost of exploring space: ""Prometheus"" movie budget would be enough to keep the search for real aliens going for 52 years",11886,9418,665
After Earth (2013) Trailer,7633,5173,1875
Weird Al Yankovic's UHF: an underappreciated 80s classic.,11007,8545,931
I'm a character actor who has appeared in over 200 TV shows and films. My name is Stephen Tobolowsky. My Reddit account is my passport. Verify me (and AMA),6682,4225,1210
JAWS Scene...in a bottle.,10031,7576,256
"Bruce Willis 'demanded $1m per day for Expendables 3', Sylvester Stallone brands him ""greedy and lazy""",14140,11684,2547
End of an era: Sir Ian completes his filming on The Hobbit.,8854,6395,482
How Lord of the Rings used forced perspective shots with a moving camera. Blows my mind.,10534,8079,532
There is no way anyone else noticed this in Iron Man 2,16945,14496,868
First image of Tom Hardy in Mad Max: Fury Road,11437,8984,987
Tom Hardy and his Bane stunt double,18306,15860,1011
My dad does art for movies and album covers. Maybe you've seen his stuff before.,13032,10588,738
Bruce Lee statue unveiled in L.A. - the 'first of its kind' in America,8012,5570,528
"We have two years to go until Robocop becomes reality, and so far Detroit is right on target...",9099,6658,1187
"I give you, Stephen Root, the least type cast actor.",18932,16499,1018
I made an album of some of my favorite cinematography shots. What are some of your favorites?,20246,17810,2308
The evolution of Superman's S,14765,12343,671
Star Trek Into Darkness - Final Trailer (HD),6757,4344,1338
"New full length trailer for ""The World's End""",8187,5781,890
"""The (500) Days of Summer attitude of “He wants you so bad” seems attractive to some women and men, especially younger ones, but I would encourage anyone who has a crush on my character to watch it again and examine how selfish he is."" - JGL",9432,7023,1038
Tim Heidecker's scene he wrote for Zach Braff's new Kickstarter movie,15989,13584,964
"Scott C's amazing 'Greatest Showdowns', a collection of memorable film characters in watercolour paintings.",12698,10288,481
True Grit (1969) then and now,8768,6359,313
"Trailer for About Time - A British romantic comedy, with a sci-fi twist.",6487,4076,603
Original concept designs for Disney characters,12488,10083,810
"James Bond. Booze, bonks and bodies. Data compiled by The Economist",8400,5995,820
"South Park calls out Bully: Asks why, if the film is so important, doesn't The Weinstein Company put it on the internet for free?",10805,8401,1459
"""Godzilla"" Poster Debut.",8607,6207,507
"Rewatching ""Team America"" just noticed that in the opening scene in Paris, the floor tiles are croissants.",8993,6599,189
"First look at Rob Lowe as JFK in ""Killing Kennedy""",8758,6362,466
First official poster for 'The Hobbit: The Desolation of Smaug',17884,15486,792
"Warm Bodies Trailer Premiere.  Yes, please.",5786,3394,634
"In Tarantino's newest film Django, there is a scene where Leonardo DiCaprio actually cut hiself and didn't break character. The scene was so intense already that they decided to keep it in the movie.",6908,4518,727
"Saw the trailer for Dead Man Down last night, and noticed a shot that looked just like one from another movie. Turns out it's the EXACT same shot from The Matrix.",7140,4760,682
The Cabin in The Woods as a Choose Your Own Adventure book.,8621,6242,460
The Powerpuff Girls house's design was inspired by the Villa Arpel in Jacques Tati's 1958 film Mon Oncle,8986,6607,145
"TIL Quentin Tarantino wanted to direct 007's Casino Royale, set in the '50s, in black and white and starring Pierce Brosnan.",10923,8544,1349
"Watching Fargo, it seems that Prince was moonlighting as an extra.",11303,8925,309
"'Jack the Giant Slayer' Could Lose up to $140 Million for Warner Bros., Legendary",8560,6180,2564
Broken Lizard Confirms Super Troopers 2,5523,3148,289
London BFI IMAX screen replacement - picture album (technical details inside),8372,5998,669
"Unused character portraits from The Avengers by award-winning photographer, Marco Grob",10332,7962,654
This was almost Jurassic Park 4.  Seriously. (more info in comments),11737,9371,1694
Brad Bird considering a sequel to The Incredibles,8894,6528,500
The 5 guys who do the voices for Movie trailers together in one limo,13288,10927,759
Classic sci-fi films reimagined as pulp novels,11740,9381,378
How animation was done in the 1930s,8879,6519,832
"A hidden scene in J.J Abram's CLOVERFIELD, at time stamp 1:06:57, right when the Helicopter crashes and camera flashes, i dont know how i saw it.",11992,9634,753
"Searching Netflix sucks, so we made a search engine to search all the regions of Netflix Instant - Reddit - what do you think?",14023,11669,1087
Alan Rickman and Michael Gambon pranking Daniel Radcliffe on the set of The Prisoner of Azkaban,7423,5066,289
"New, extended, red-band trailer for Kick-Ass 2",6880,4525,672
Gary Oldman,18632,16282,1251
"Miyazaki's take on ""Good vs. Evil""",29778,27428,1462
"First official image of Michael Douglas as Liberace and Matt Damon as his lover, Scott Thornson, in ""Behind the Candelabra""",13613,11256,707
Biff from Back to the Future carries this FAQ around if you ask him about the movie,13585,11237,715
"Chris Sanders' Original Pitch to Disney for ""Lilo and Stitch""",9928,7580,550
Kevin Heffernan of Broken Lizard — ‘There Will Be a “Super Troopers” Sequel’,8538,6192,397
Look at this CRAZY cockpit simulator used in PACIFIC RIM,4720,2377,775
Tarantino talks about importance and symbolism of food in his movies,6805,4456,608
"""The Shining"" Ball Photo",8954,6612,601
The Secret Life of Walter Mitty,4458,2112,526
"Gene Wilder slams Tim Burton's remake of Charlie and the Chocolate Factory as an insult "" ""It's just some people sitting around thinking: 'How can we make some more money?'""",10295,7952,965
New Prometheus viral: Happy Birthday David,6848,4508,1009
What Darth Vader sounded like before the iconic voice over,4490,2149,313
"Just watched ""Tucker &amp; Dale vs Evil"". Surprisingly a great movie.",11331,9004,951
Ender's Game Official Poster,18292,15973,2800
For fellow aspiring screenwriters: How To Write A Scene In 11 Steps,11601,9275,424
No More 'Star Wars' 3D Prequel Releases; Lucasfilm Passes To Focus On New Trilogy,8253,5930,859
J.J. Abrams Turned Down Star Wars VII,8602,6279,2092
"Director of 2010's Tangled, Byron Howard, is working on a new film titled ""Zootopia"" in 2016. Here is the first piece of concept art released for this film. Described as a ""comedy about a fox framed for a crime he didn’t commit and the rabbit-law enforcement officer who becomes his unlikely ally""",5814,3492,204
The Great Gatsby movie poster in India,14349,12030,1310
Ferris Bueller's Day Off - What's with the hats the two guys are wearing?,10697,8375,653
So Blade Runner &amp; Alien must take place in the same universe,6896,4580,718
Scorsese On Set,8262,5940,500
"It's finally here! I'm a big Breaking Bad fan, which is why I chose Monologue #2, we're at $155k in donations if we break $175k, I will record 3 people's voicemails!",8245,5931,417
"Apparently Jeff Bridges has been snapping pictures on sets he's been working on since 1984. This week, he was nominated for an award for his photos.",5878,3561,138
Total Recall. Then and Now.,10654,8345,1170
Plot of Inception in doodle form,20126,17809,719
So just how long was that runway in Fast and Furious 6?,18254,15940,1172
"Guillermo del Toro: ""The other sort of big summer movies often feel to me like it’s about one race, one credo and one country saving the world, and I wanted to make it about the world saving the world, no matter what skin color you have, what race you have, what belief you have...""",6880,4565,993
How does the cinema experience in Afghanistan compare to your local theater?,7336,5026,786
"I was watching Eternal Sunshine Of A Spotless Mind, when I decided to check something out.",6222,3912,258
"Guy finds original 1955 Walt Disney Lady and the Tramp movie poster at Goodwill for $4.99. It's worth $53,900.",8543,6241,394
Awesome artwork inspired by some of our favorite movies. Truly epic!,9873,7567,231
Today... Weyland Corp is founded (from the end of Prometheus),14484,12179,1080
"Wes Anderson's new movie The Grand Budapest Hotel will star Ralph Fiennes, Edward Norton, Owen Wilson, Tilda Swinton, Jude Law, Bill Murray, Adrien Brody, Harvey Keitel, Jason Schwartzman, Willem Dafoe, and Jeff Goldblum",7313,5010,710
How to Train Your Dragon 2 Official trailer,10227,7923,1121
Joss Whedon says no Avengers 2 without Robert Downey Jr.,6875,4578,946
"Quentin Tarantino plans 'Inglorious Basterds', 'Django Unchained' ""rewriting of history"" trilogy with third film",10464,8165,1433
Fascinating comparison of scenes in 'The Great Gatsby' with and without green screen and GCI.,4845,2541,460
Cool before/after shot of Downey Jr. and Cheadle  showing the extent of CGI use in Iron Man 2,10608,8309,711
Concept art for (Mostly) Iconic Characters.,10896,8595,946
What If Star Wars Episode II Were Good? (Belated Media),6493,4199,993
First set photo from Dawn of the Planet of the Apes.,9378,7088,447
Anthony Hopkins as Alfred Hitchcock,10994,8699,413
Beautiful illustrated tributes to Studio Ghibli films.,6101,3807,234
"I've noticed a trend of ""kiddifying"" DVD covers for animated movies. Here's a comparison between the theatrical posters and DVD covers. Quite the downgrade, huh?",17498,15204,1194
250 Movie GIFs to get you through the day,11120,8832,767
"Poster for 'The Worlds End' released today, featuring Simon Pegg and Nick Frost.",18212,15926,1000
More of Mike Mitchell's Character Portraits,11045,8763,388
Hungarian Star Wars poster from 1977,6747,4464,412
"Simon Pegg, Nick Frost, &amp; Edgar Wright (The World's End, Shaun of the Dead) will be doing an AMA Aug 20, 5pm EDT in r/IAmA",6578,4292,271
"AT&amp;T made fake movie posters for their U-Verse On Demand advertisement, and they're all terribly wonderful.",17209,14923,1159
"Watching Apollo 13 and noticed this really cool, really brief shot of clint Howard that never stood out before.",11241,8955,529
"The autograph signing for This is the End that UCSB won was today. The actors showed up an hour and a half late, stayed half an hour, and left, missing 3/4 of the people. I think they lost a lot of fans, and ticket buyers today.",16790,14510,1298
"Harry Potter's Diagon Alley, on Google Maps Street View",12935,10661,458
John Cusack's Better Off Dead is pure 80s gold,7037,4760,661
TIL: Bill Murray only filmed 6 days for Caddyshack and improvised all his lines.,10588,8311,493
"Trance (2013 Trailer)(RB NSFW) 
Honestly, this looks incredible and I haven't seen much of it on r/movies. What are you're thoughts?",7958,5685,758
Christopher Nolan being offered to direct the next James Bond movie!,8311,6034,898
Andy Serkis and his roles,9360,7091,411
Disney animations spliced with the actors posing for reference,19723,17446,591
"Jurassic Park, then and now",15057,12784,1671
Francis Ford Coppola's potential cast list for The Godfather,9859,7586,681
Creative billboard for The Dark Knight Rises,13545,11272,279
There might be a Dredd sequel!,6810,4541,924
New Anchorman 2 Trailer just released!,11271,9005,809
"First look at Daniel Day-Lewis as Spielberg's ""Lincoln""",8269,5998,954
Star Wars Saga Mapped,13033,10767,754
Disney Animations movie cross-ups,14785,12524,587
Johnny Depp Plans To Spend Millions To Return Wounded Knee To Native Americans,6511,4243,716
How The Hulk's fight scenes were filmed [The Avengers],12161,9905,747
'World War Z' Becomes Brad Pitt's Top-Grossing Film With $502.6 Million Worldwide,9838,7584,1918
"'Iron Man 3' to Become First Film to Play in 4DX Format in Japan. The film will be shown with tilting seats, blowing wind and fog and odor effects via technology that is expected to come to the U.S. this year.",11396,9148,1865
"The Dwarf Cast (before and after make-up) from ""The Hobbit""",7181,4933,633
American Psycho with Huey Lewis and Weird Al,4348,2100,235
"No, this isn't a lost animation cel from a classic Mickey Mouse short ~ This released shot is for the upcoming 2D/3D-style short, ""Get A Horse!"" It will be premiered in front of Disney's 'Frozen' later this year.",8104,5855,323
Ender's Game Official Trailer 2,7552,5305,1683
A Collection of Movie Matte Paintings,8298,6057,333
Joss Whedon just crashed the end of the Marvel panel and announced THE AVENGERS: AGE OF ULTRON,8135,5891,1323
"Almost 10 years later, Keanu once again puts a fully clothed Rachel Weisz in a bathtub full of water.",10609,8363,664
Gag scene from Back to the Future,4959,2719,243
"After acquiring the film rights to Batman in 1979, Michael Uslan (EP of every movie since 1989) drew white and red over Jack Nicholson's ""Here's Johnny"" face from a newspaper advert for 'The Shining'. Ten years later, Nicholson was cast as the Joker. That inspiration art is up for auction.",6938,4701,124
6 Places You'll Recognize from the Background of Every Movie,11741,9505,548
By Ken Levine: I won't give Zach Braff one dime,31263,29024,2442
"Danny Boyle deplores a ""Pixarification of movies"". Would you acknowledge this tendancy?",5227,2992,1396
World War Z - Official Trailer (HD),12724,10490,3704
Movies reimagined for another time &amp; place,19840,17610,994
"""Detroid needs a statue of Robocop"" update. (Link in comments)",5750,3516,426
'Ender's Game' propaganda posters,5390,3164,554
"Benedict Cumberbatch as Julian Assange in the upcoming movie - ""The Fifth Estate""",12058,9824,1038
Paul Verhoeven Wants to Direct Arnold Schwarzenegger in The Legend of Conan,6681,4456,605
Can we petition Disney to release the ORIGINAL unaltered Star Wars on Blu-ray now that they own the rights?,6339,4106,623
"Spike Lee slams 'Django Unchained' calling it 'Disrespectful.'  Also, he hasn't seen it.",5503,3275,1454
Christopher Nolan's goodbye letter to The Batman Trilogy.,11686,9452,1573
Toy Story 3 Render Comparison,8179,5947,514
Roland Emmerich sure loves destroying the White House,11728,9499,814
Only God Forgives - Trailer #2,5429,3198,747
"Google's new ""best of"" feature is awesome!",9307,7082,692
First poster for Spielberg's Lincoln,15288,13063,1024
"A friend of mine has the newspaper (from on set, actual movie prop) from The Dark Knight, figured you guys would like to see this",14448,12219,393
My Grandma's original 'The Godfather' tickets from 1972,12419,10191,347
The Wolverine: International Trailer,8647,6422,1562
Which colors are most used in movie trailers.,9596,7373,573
Keanu Reeves says Bill and Ted 3 is 'looking good',5663,3437,407
Toy Stories by Jim Tuckwell,9309,7086,101
"I rewatched ""Drive"", noticed something about the colour palette",11447,9219,1374
"Roger Ebert gives 'Ted' 3.5/4 stars: ""I know, it was hard for me to believe, too""",8991,6763,1480
Favorite movie fight scene of all time. Axe gang vs masters. (Kung Fu Hustle),5245,3020,436
"From Roger Ebert's Facebook: ""Oh, no! In a move to recoup their unwise investment in 3D, theaters discuss, and I quote, 'patrons will have a single price for both 2D and 3D films. 2D prices will increase and 3D prices will decrease.' In other words, punishing those who dislike 3D.""",6478,4261,1407
"Japanese cinema scholar Donald Richie died today at 88. If you've enjoyed the works of Akira Kurasawa and Yasujiro Ozu, you can thank Richie for helping to bridge the cultural divide between Japan and the West. RIP.",6542,4323,128
Dan Finnerty - The ultimate wedding singer.,7579,5354,262
Mildly Interesting Facts: Pulp Fiction,9903,7683,548
Grayscale and gold really caught on fast,7130,4915,269
"Remember, kids: Today is the perfect day to watch one of the greatest christmas movies ever: Die Hard!",10349,8137,1033
Robert Downey Jr. Signs New Deal to Return as Tony Stark/Iron Man,17493,15275,1668
Google can now search for Bacon number.,9530,7321,1335
I can't believe I never noticed the sad story of the Three Bears in Shrek,14353,12139,697
The careers of M. Night Shyamalan and Michael Bay in graph form.,15549,13338,1231
Japanese celebrate new die hard movie with giant chocolate bruce willis,9543,7327,394
My mom saved this promotional ticket from Willy Wonka's release in 1971.,3957,1742,49
Percentage of films made in each genre by year,10844,8632,1096
"Sharknado Sequel Officially Titled, Sharknado 2: The Second One",6610,4396,465
"Jamie Foxx says he's ""aggressively pursuing"" SPAWN Reboot and a Mike Tyson Biopic",8053,5846,1085
"The poster for the upcoming Lars von Trier film, Nymphomaniac, has gone for a more... minimalist approach...",7088,4884,496
What happened to...? Obscure actors and their famous characters [OC],9812,7605,670
"2015: Man of Steel 2, Avengers 2, Star Wars 7, Avatar 2, Pirates 5, Terminator 5, Die Hard 6, Jurassic Park 4, Independence Day 2, Finding Nemo 2, Mission: Impossible 5, Hunger Games 4, Ant-Man, Fantastic Four, Tintin 2, Bond 24, Bourne 5, Snow White 2...",4049,1849,1561
"Avengers Salary Chart (includes time on screen, too!)",19379,17180,2920
"From Kane to Nolan, this is my infographic chronicling 70 years of Batman evolution...",9730,7527,969
Ewan McGregor on Star Wars Episode 7: I'll be Obi-Wan if they need me,5187,2992,588
I was re-watching Live and Let Die and noticed something curious about Solitaire's Tarot Cards,10287,8088,425
"So... someone took my artwork and painted over it and called it their own, and it managed to make the front page of /r/movies. Not sure how I should feel.",9339,7143,295
"To those who have seen the Red Letter Media review of Attack of the Clones, I found a list of Anakin's points and strikes when trying to win over Padmé. (Part five of the review)",8456,6264,913
"Coraline in the making, probably the coolest gif I've seen.",14396,12200,438
Star Wars VII Fan-Made Posters. (Some really intriguing ideas proposed),15111,12916,962
New stills from 'The Hobbit' released!,13237,11040,1120
This always annoyed me (Mission Impossible),19001,16808,1123
New Godzilla Behind The Scenes Photo. Subway Scene!,8531,6338,619
Here's me on Argo's DVD cover!,23654,21462,575
"Ben ""94%"" Affleck",13267,11082,1068
"TIL this shot was ""intended to resemble a man in a jail cell, evoking the director's intended theme of imprisonment and escape from imprisonment"" -- From ""American Beauty""",3884,1692,243
Movie locations depicted as travel locations,5465,3276,104
John Carpenter wants to make a Dead Space movie,5882,3692,642
The Dark Knight Trilogy- 81 Behind the Scenes Photos,8194,6007,439
These two friends recreated Toy Story from start to finish in live action with stop motion and real toys with the blessing of Pixar!,15374,13183,585
Original Alien suit seen 3 years ago in a Giger expo in Frankfurt.,8408,6222,205
Danny Boyle: '3D movies are a phase',6973,4789,1443
Nobody has played a superhero longer than Hugh Jackman.,8406,6226,1029
Can't wait to see Tom Hanks in Cloud Atlas,14908,12724,856
"Dwayne ""The Rock"" Johnson tweeted another sneak peek at Hercules",12755,10575,805
"Primer is on Netflix Streaming. If you haven't watched it, it's easily accessible now.",8316,6135,1156
"The Iron Giant was based on the premise ""What if a gun had a soul?""",6538,4359,437
"In early editions of The Hobbit, Tolkien left out details describing Gollum's height and hobbit -like features. He fixed this in later editions, but not before these illustrations were made.",3544,1363,249
Why Kevin Spacey maintains privacy,6221,4046,431
"Peter Jackson reveals running time for ""The Hobbit: An Unexpected Journey""; 2 hours and 40 minutes!",6429,4253,1249
"James Bond's Family Crest from ""Her Majesty's Secret Service""",9613,7442,640
"Ron Perlman and Guillermo del Toro talk up the possibility of ""Hellboy 3."" Perlman adds, ""Everything that was done in both movies was leading up to this destiny, written in stone, of what Hellboy has been summoned to Earth to do.""",8649,6474,649
GAME OF THRONES Peter Dinklage Joins Cast of X-MEN DAYS OF FUTURE PAST,7528,5357,759
Iron Man 3 All Suits Unlocked!,11873,9706,1012
"Movie Barcode - every frame in a movie compressed into a line, giving an idea of the colour palette used by the filmmakers.",5432,3256,452
Brad Bird reveals unreleased hand-painted poster for The Incredibles,9548,7374,371
Zack Snyder just confirmed that Batman/Superman movie at Comic Con. Here's the logo for the film! Batman and Superman combined!,18225,16050,2822
Arrested Development's New Season to Premiere in May as a Possible Prelude to a Feature Film,7188,5024,398
What Caesar will look like in Dawn of the Planet of The Apes!,5313,3150,495
Time Travel in Movies,13218,11057,1230
"Christoph Waltz Q&amp;A at the Oscars 2013. Funny, modest and inspirational.",7290,5129,749
Joseph Gordon-Levitt to star in 'Sin City: A Dame To Kill For',8468,6309,811
"Let the Right One In, best vampire movie I've ever seen",8645,6488,879
"Spielberg's ""Lincoln"": Official Trailer [x-post /r/LincolnMovie]",5457,3302,1080
Reddit likes movie facts right? #6 is my favourite,14307,12154,854
Dwayne Johnson posted another shot of him on set as Hercules.,9834,7679,853
"""I never meet anybody who actually likes 3D"" - Chris Nolan, on why he made TDKR 2D only.",5266,3109,682
"A master shot of the vast courtyard, featured in the Babylon sequence, from D.W. Griffith's silent epic, Intolerance.",5770,3613,239
Movie Car Art by Scott Park,8590,6436,409
"One of my favorite behind the scenes photos from ""The Dark Knight Rises"". Close up on Bale. Cotillard waiting for her moment. Pfister on camera. Nolan watching from above. (x-post from r/batman)",6076,3921,336
Evangeline Lilly backstage at The Hobbit,14821,12671,756
Kick-Ass 2 Official Teaser Trailer (X-Post),15251,13103,2174
"1957 letter from J.D. Salinger explains why ""Catcher In The Rye"" wouldn’t work as a movie.
",6433,4287,683
8 Bit Lane - a stunt for Wreck-It Ralph in London!,9152,7005,234
My favorite part about teaching screenwriting at a summer camp is this script an 8-year-old just handed me.,20875,18737,1175
"Indiana Jones' hat didn't fall off, someone off camera threw it at him.  Can't be unseen.",15515,13372,638
Marvel: Upcoming 10 movies timeline,11729,9588,2175
"Keanu Reeves making his directorial-debut with ""Man of Tai Chi."" Incredible &amp; innovative fight scenes to expect? YES.",4804,2661,552
"First look at Robert DeNiro and Sylvester Stallone as a pair of aging boxing rivals in ""Grudge Match"" (2014)",14835,12693,689
A Christmas Story: Then and Now,10692,8553,761
"For the past couple days, I have been researching the average time it takes for a movie to be released on DVD following its theatrical release going back to 1998. Results are pretty interesting...",6990,4851,778
This stabbing scene from Chopper is incredible.,9028,6891,1327
13 Great Movies in 8-bit. (GIFS),13781,11646,715
Here's my logo submission for the combined Disney/Lucas co.,26035,23893,485
First pic of James McAvoy as Professor X in X-Men: Days of Future Past,14813,12679,1302
"Some cool publicity shots of Michael Keaton and Jack Nicholson in ""Batman"" (1989)",9969,7839,992
Whammy! Chicken: Anchorman 2 filming in Atlanta!,3190,1060,93
7 Pictures Of Tom Cruise Being Tall in Movies,10228,8099,1386
Easter egg from 'Jurassic Park 2': Arnold Schwarzenegger is... King Lear!,7083,4956,323
"Arnold Schwarzenegger looking BAD ASS for new movie ""Ten""",9117,6986,891
The actual island that Cast Away was filmed on,7590,5454,507
Are you not entertained...by the guy in a white t-shirt and jeans standing there with a camera? (Gladiator~1:07:46),8545,6418,379
George Lucas references the Death Star contractors debate in Clerks in his commentary of Star Wars Episode 2: Attack of the Clones,5820,3695,723
Would Sex and the City 2 be considered a dystopian science fiction film if it were shown to an 1950's audience?,5528,3407,759
Alien poster that I made for a local cinema,9102,6980,187
"For 3 years, struggling screenwriter Randy Moore has been shooting a narrative movie at Disney theme parks with a small camera and no permission. The result is 'Escape From Tomorrow', the least known film causing the most buzz at Sundance 2013.",4968,2848,298
"R.I.P. Ernest Borgnine, Academy Award winner and the voice of Mermaid Man in Spongebob.",8880,6760,584
"After months of work, here is the third Dark Knight Rises trailer constructed with Lego. [stop motion]",6181,4063,277
"Joaquin Phoenix Says Goodbye To Oscar Chances, Calls Awards ""Total Utter Bullshit""",7365,5250,1676
First official look at Evangeline Lilly in The Hobbit: The Desolation of Smaug,14986,12872,1854
Loved this shot from The Hobbit!,3542,1424,413
Backstage Famous Movie Moments,8200,6085,312
Seth MacFarlane Isn't The Problem,11946,9836,1165
Knights Of Badassdom Official Trailer #1 (2013) - Peter Dinklage Cosplay Movie HD - YouTube,7016,4904,537
"Yesterday, I watched Apollo 13 and the second Austin Powers movie... something seems familiar about the rocket launch scenes...",20029,17914,970
Finally Artemis Fowl is getting a movie,9370,7256,1491
MPAA Directly &amp; Publicly Threatens Politicians Who Aren't Corrupt Enough To Stay Bought,6262,4151,463
Zodd's Helmet from Man of Steel,11809,9706,618
Would anyone else rather see a KOTOR-era Star Wars movie instead of episode 7?,7770,5659,1441
Spongebob voice actors dub classic movies,9950,7841,230
Wicked Witch of the West 1939 and 2013,9360,7256,1212
The director of The Wrath of Khan basically had to wear William Shatner out by doing multiple takes until he'd get tired enough to start actually acting,4040,1935,336
A week ago I was invited to ILM for a screening. Took some pictures.,10751,8645,369
"Whoa.  Turns out that waterfall from 'Prometheus' is real - Dettifoss, in northeast Iceland.",9595,7494,832
Honest Titles for 2013's Oscar Nominated Movies,20729,18631,1942
Forest gump a psychopath killer,6388,4293,180
Teaser Trailer for Vin Diesel's 'Riddick',4662,2565,457
Man of Steel Poster Revealed by Warner Bros,13709,11613,1661
New Monster's University poster,8114,6017,353
"For Star Wars day, an AT-AT (All Terrain Armored Transport) info poster.",10947,8852,614
"Smurfs 2 Bombs at the Box Office. ""2 Guns"" opens at no.1",6140,4049,1053
Saying there is a twist at the end is a SPOILER.,10261,8165,1570
This Sean Bean orientated violence must stop.,12494,10406,602
Poster Referencing All Academy Award Winners for Best Picture Using the Oscar Statuette,6598,4509,492
"Spielberg to donate copies of ""Lincoln"" to schools everywhere.",9506,7419,703
All of Stan Lee's Marvel film cameos,12522,10436,803
"'Pacific Rim' opens to a $9m wednesday in China, making it Warner Bros' biggest China opening ever. Sequel could be under way if it keeps performing well overseas.",4742,2658,1106
"A PSA: Go. See. Dredd. (And make your friends see it, too!)",5151,3065,1650
"The domino scene from V for Vendetta, involved 22,000 dominoes, took 4 professional domino assemblers 200 hours to set up.",5996,3911,387
Gary Oldman Kindly Requests That Athletes Stop Trying to Act | /Film,7435,5353,1028
"Describe your favorite movie from the point of view of a character who isn't the main protagonist, see if we can guess",6872,4786,10992
Insane set design from the 2005 War of the Worlds -- the post-airplane crash scene [6678x2245],4879,2801,339
"The Pepsi machine did not make my son ""Big""",12765,10688,406
Horrorgami: papercraft horror film homes (r/horror x-post),6997,4917,83
"If Mark Hamill Returns as Luke Skywalker, he will hold the record for longest break between portrayals of the same character (32 years)",4750,2669,782
"Dear r/movies: Let's cut out the ""this movie"" bullshit. Say the name of the fucking movie in your title, stop linking to jpegs of the poster or IMDb page, and cut out the karmawhore bullshit. Thank you.",5563,3481,426
Poster Oblivion: first look at new Tom Cruise movie,6176,4099,917
I see your mismached movie posters and raise you movie posters with their original book titles!,16626,14548,1255
New Taxi Driver poster from Mondo,6577,4499,186
List of Upcoming Notable Movies in 2012 and Early 2013 (w/trailers)!,5353,3271,869
1999 Newspaper Article says AVATAR Would Never be made into a Movie,15457,13387,1055
Can we keep the up/down votes in /r/movies as thumbs for the rest of the year in memory of Roger Ebert?,5575,3503,160
Veronica Mars Movie Raises $1M in Four Hours on Kickstarter,7586,5518,1227
Robert Rodriguez directing Josh Brolin in Sin City 2!,7555,5479,507
"Two different movies, same Jeff Goldblum quote.",17649,15581,724
"Jamie Foxx as Electro, matching the NYC night lights",6591,4515,561
"Bug comic makes Back to the Future joke, commenter simultaneously solves every paradox and gives the trilogy a painfully sad ending.",5805,3736,485
Props for The Incredible Shrinking Man (1957),6340,4268,108
"Disney Announces ""Finding Dory"" sequel to ""Finding Nemo,"" set for Nov 2015 release date.",10398,8328,959
Collection of all 5 Pacific Rim Jaeger Posters,5522,3450,1142
Lord of the Rings posters (Olly Moss),6113,4040,260
Neil Blomkamp has started writing District 10,3533,1471,190
If you think the Safety Dance is catchy and might enjoy seeing it synchronized to 77 different movie dance scenes....than this is the video for you! ;),9118,7050,736
Thor: The Dark World trailer UK -- Official Marvel | HD,5081,3016,993
2012: The Year in Cinematography,4631,2562,488
Looking to the Future: 8 Science Fiction Movies to Watch for [x-post from r/scifi],3627,1562,842
The Missing Scene from The Dark Knight Rises,14277,12206,1686
"Chris Hemsworth and Scarlett Johansson unhappy with pay, may not return for Avengers 2",4960,2897,2271
"In the Terminator franchise, what does Skynet actually want?",5009,2951,1513
Pacific Rim is #1 movie internationally over the weekend,9641,7580,1828
"Today the world lost a true legend...sword master Bob Anderson. He was not just Vader during the duels in Empire and Jedi, but was also responsible for the swordplay in ""The Princess Bride"", the ""Lord of the Rings"" films, ""Highlander"", ""Zorro"" and a slew of others.",6881,4819,285
Matrix - behind the scenes.,10493,8426,695
Ryan Reynolds And Jeff Bridges Team Up In First Image From R.I.P.D,8955,6891,710
"Pirated films are big in China, but proofreading is not. At least not for Marvel's The Avengers.",8925,6868,644
Willy Wonka and the Chocolate factory actors all grown up.,14304,12246,616
Zombies: A comparison of them spanning many movies,10433,8377,857
150 Behind-the-Scenes photos from the Hobbit. [x-post from r/TheHobbit],7509,5453,405
Arnold Schwarzenegger's new looks,12412,10354,777
"""The Dark Knight Rises"" brings the trilogy full circle. Here are some things (large and small) I noticed that link the final film to ""Batman Begins"" and ""The Dark Knight.""",10640,8582,799
ELYSIUM - Official Trailer,9161,7102,1416
New Iron Man 3 Poster featuring The Mandarin,8960,6904,872
New The World's End Poster Released,8393,6338,338
The Fellowship of the Ring + Colors,17991,15934,355
Daniel Craig SNL Promo...gets a bit weird.,5302,3248,476
"RIP to Yoda puppet creator and make-up artist, Stuart Freeborn. Many draw similarities between the design of the Jedi Master and Albert Einstein, but I think there's more in common with the late Mr. Freeborn. [pictured: Yoda puppet, Stuart Freeborn, director Irvin Kershner]",6039,3987,90
"Leonardo Dicaprio to take a long, long break from acting.",7746,5699,1326
"An image has been released from Disney's ""Planes"", with Val Kilmer and Anthony Edwards voicing 2 characters. Notice the Top Gun references?",10018,7970,1033
Two new stills from Pegg &amp; Wright's 'The World's End',10459,8415,562
"Ian McKellen and Patrick Stewart Will Be in ""X-Men: Days of Future Past""",4366,2322,527
Edgar Wright's 3-movie poster I picked up at the Austin Alamo Drafthouse premiere (he even signed it for me)!,7243,5192,208
Close-up shot of Winter Soldier (Sebastian Stan),8977,6935,520
From the set of Haunted High... Machete want his KARMA!!!,6837,4791,344
May I present to you: The Pixar Theory,20088,18037,1285
"Shaun of the Dead; This sticker appears a number of times, what does it mean?",6573,4522,569
First Look At Tina Fey Filming ‘The Muppets…Again!’,6112,4063,254
Anthony Hopkins as Alfred Hitchcock,8116,6068,289
"My friend works for a company that makes those 'Precious Moments' figurines, this concept was sadly rejected... (Aliens)",11494,9450,301
"Netflix will stream The Artist before pay cable gets it. Yeah, future!",6258,4213,372
"""Karl Urban Wants STAR TREK To Quit Rehashing Old Shit"" -- As if this man wasn't already amazing.",4913,2863,604
"Minor spoilers for THE DARK KNIGHT: watch Maroni's bodyguard carefully on the far left of the screen. I guess that helps explain what Gordon meant by later on ""five dead, two of them cops."" [further explanation in comments]",9781,7739,677
"The hobbit IMAX DMR print. 6ft wide, over 1000 pounds.",4546,2501,461
The Adventures of Baron Munchausen - 9  screen caps showing it's beauty,4003,1956,265
The most pointless uses of CGI effects in movie history,7783,5739,729
Disney used to be amazing at movie posters,14535,12499,1037
"All the deaths in Tarantino's movies, charted",10272,8232,655
Heath Ledger's first-ever casting call photo,11549,9505,442
First official image of Electro from The Amazing Spider-Man 2,7441,5403,994
New trailer for 'Riddick',4011,1971,579
"Something tells me Disney isn't taking any chances with their marketing for ""Oz""",9580,7546,826
My favourite joke from Airplane!.,14258,12218,716
King Kong Original vs. Remakes [imgur],3664,1632,346
Figured I'd share my wallpaper rotation: 50 stills from 50 of my favorite movies,5750,3720,543
"Kill screen at the end of ""Wreck it Ralph"" for those of you who might have missed it. [x-post from /r/gaming]",5106,3072,239
"RIP Charles Durning, a complete badass who landed in the first wave at Omaha Beach, was the lone survivor of a machine gun ambush, and once bludgeoned a Nazi soldier to death while being stabbed with a bayonet.",6506,4469,220
"Just my friend in full costume talking to Ridley Scott, he was the alien in the opening scene of Prometheus",13363,11336,1194
Clerks 3: Kevin Smith Says He Has Too Much Money to Use Kickstarter,7765,5736,637
Nicolas cage and Christian Bale to play Thomas Edison and Nikola Tesla in a new movie in 2013!!,6722,4691,795
Michael J. Fox thinks he is filming Back to the Future while filming subsequent films [VIDEO],6466,4436,498
Ratchet and Clank Movie Announced - Official Teaser Trailer,6455,4423,669
Hobbit Reunion.,11642,9611,733
"Young filmmaker sends Martin Scorsese a note asking him for some viewing recommendations, and he responded with this list",7093,5060,683
Lego Casino Royale,4772,2753,183
"Funny Robert Downey Jr. joking about Gwyneth Paltrow speaking French at Iron Man 3 press conference in Paris. ""They don't teach French in jail!""",7274,5255,510
SKYFALL - First Official Teaser Trailer,5003,2981,782
"Naomi Watts as Diana, Princess of Wales [New Poster]",9245,7223,841
I Made a Map of Disney's Animated Movies. (x-post /r/disney),13641,11626,1613
Mark Hamill says he and Carrie Fisher have been approached by George Lucas to star in Star Wars Episode VII,7296,5283,1302
A really creative positive/negative 'Brave' poster,11240,9221,248
Bill Murray talks about the last time he saw Gilda Radner. Great great article.,4655,2640,169
Unused opening title credits for Iron Man 3,11417,9400,962
Movies featuring ducks?,6928,4914,2121
The Hobbit character gallery,11960,9950,1187
So I was watching Kill Bill: Vol. 1 again last night and I noticed this.,13941,11932,463
Pacific Rim: When was the last time you were at the Natural History Museum?,3622,1606,325
Winged monkey costume test for The Wizard of Oz. (c. 1938),8005,5994,152
Never knew Magneto and Bane had bit part roles in Band of Brothers... Hardy's 1st ever role and Fassbender's second,9555,7544,799
The Great Gatsby Character Posters,3629,1624,308
Harry Potter: Criterion Collection,8400,6391,544
Man of Steel spoilers: This is where Zod's armor was left.,9474,7469,1146
Joss Whedon Signed for ‘The Avengers 2′,8377,6372,879
Robert Downey Jr. crashes kids Iron Man costume contest at Comic Con,7996,5995,784
Well the poster for 'Filth' starring James McAvoy is pretty awesome,7250,5251,459
So I was watching Safety Not Guaranteed when...,10237,8236,384
"Just noticed this while watching Harry Potter. A wizard in the Leaky Cauldron reading ""A Brief History of Time""",6944,4951,484
The Sandlot as it stands today. (More in comments),10200,8201,672
"Ferris Bueller inspired street art in Raleigh, NC",4113,2117,87
The Shining sculptures,10959,8963,299
Thieves steal 300K in wiring from the set of Anchorman 2,5502,3511,752
"So with the new Evil Dead movie in theaters, I dug out this replica of the Necromonicon out that I made when I was twelve. I was a weird ass kid.",6812,4815,273
"Movies Roger Ebert really, really hated",7466,5473,1381
Many Faces of Johny Depp,10664,8667,333
"Michael Bay's atrocious remake of Teenage Mutant Ninja Turtles has ""been shut down indefinitely""",7643,5647,954
"was watching ""Ratatouille"" a while ago and noticed this Quality Assurance Guarantee at the end of the credits...",5433,3440,238
Intouchables - the best French movie/comedy in years,5641,3655,637
"Movie poster template: ""The Title""",12558,10574,465
A Nightmare on Elm Street Original vs Remake [xpost /r/gifs],5393,3401,672
Harry Potter actor Richard Griffiths dies,12882,10894,859
They are filming Kick Ass 2 outside my friend's house. She sent me this pic from her window,15382,13395,684
Jackie Chan announces that he will continue making action movies!,9077,7082,499
I still see people say the six-pack abs in 300 were CGI... no they weren't.,7663,5671,1044
I've always wondered... (From the Naked Gun series) *fixed link,3705,1715,118
"Not sure if I'm alone here, but I just realized what Miranda's scar in ""The Dark Knight Rises"" was referring to... [Spoilers]",16848,14859,923
Rare behind the scenes picture of Heath Ledger on the set of The Dark Knight.,15341,13356,860
I urge you again to boycott hollywood - they are using our money to curtail our rights. Stop giving it to them.,7942,5962,1309
25 Greatest Unscripted Scenes in Films,3899,1913,471
Official Full Trailer for Elysium.. Wow.,3186,1200,622
Just saw Man of Steel [spoiler free],7161,5177,1753
Behind the scenes photos of Bane and Christopher Nolan raffling off prizes to The Dark Knight Rises stadium scene extras,6514,4526,446
"Dear Dan Aykroyd: If you must make a Ghostbusters sequel but can't get Bill Murray to play Venkman, please please please write his character out instead of recasting him.",11109,9126,955
I'd like to see a 12 Angry Men remake with a cast list along the lines of this.,8701,6720,990
It's little details like this that gives me hope for Skyfall! (license plate),10884,8903,853
Joss Whedon talks ‘The Avengers: Age Of Ultron’; confirms its an original story &amp; speaks on Thanos &amp; Guardians of the Galaxy,5540,3558,825
That's a bold claim on the new Evil Dead poster.,4818,2838,510
"Projectionist here... My job used to be an art, now I just push buttons. Behold the original instructions for projecting ""Gone With The Wind"".",7149,5169,698
Trance: New movie from Danny Boyle here's the poster.,5106,3131,470
"Over the past few months I have been compiling hundreds of Public Domain movies in a Youtube channel, all of which can be seen AD FREE. Hope you enjoy!",3247,1271,192
"Jackie Chan's new movie. Produced, directed, written, and choreographed by him.",4663,2685,462
"French are not so good with english, so they like to translate movie titles... in english. Here are a few examples.",12909,10938,1482
New York Movie Map,8714,6748,493
The perfect example of the problem with Hollywood filmmaking today,5695,3721,343
"""Dredd"" is out on DVD/BluRay today. PLEASE support this under appreciated movie!",12078,10104,2632
Scarlett Johansson as Janet Leigh in 'Hitchcock',7474,5503,411
"Gravity ""Detached"" Clip",3486,1518,1320
Star Wars: A New Hope - all in one gif,21995,20033,444
I spent the last two years pouring my heart into an independent film.  It's called SAVE THE DATE and it stars Lizzy Caplan and Alison Brie. Our trailer leaked yesterday.  I hope you dig it:,7985,6018,947
My friend improved the new Robocop look a bit. Xpost from /r/pics.,9943,7974,1023
Anchorman 2 poster revealed,15011,13045,462
First screening of Les Miserables results in a standing ovation,8436,6470,1050
New pic of Armie Hammer and Johnny Depp in The Lone Ranger.,12058,10096,1145
Neill Blomkamp says he's glad his 'Halo' movie didn't happen.,4984,3024,687
The Girls With the Dragon Tattoo [original vs. remake],9983,8022,1372
"Quentin Tarantino wrote to me when I was 13. (I see another posted part of this before, reposting acceptable if it's my own property?)",9908,7945,861
"Authentic '40s looking pictures from ""The Master""",5690,3731,307
Thor: Dark World - Trailer #2,6447,4488,1448
Evil Dead 4 is still happening.  It will actually be Army of Darkness 2.,4053,2091,335
"Kevin McCallister's ""Battle Plan"" from Home Alone (1990)",10194,8236,571
"Oscar rehearsal photos show MacFarlane, Theron, Tatum and more at work. (Link to more in the comments)",7966,6005,411
New Iron Man 3 poster released.,7387,5432,629
"""Whenever I hear a Wilhelm Scream I am taken out of the movie experience, my suspense of disbelief ends &amp; I am just a guy sitting in a movie theatre who realized he just heard the same damn scream for the umpteenth time.""",8056,6099,1323
Johnny Depp says he may retire from acting soon,6711,4764,1347
Watch Robert Downey Jr strut and dance his way into Comic Con 2012. The man IS Tony Stark.,7249,5302,760
I just found a small cameo Martin Scorsese has in Taxi Driver. (Not the Cab Ride),7071,5124,266
"TIL ""Jurassic Park is 127 minutes long; only 15 of those minutes actually contain footage of dinosaurs.""",5183,3239,443
Brilliant mirror shot from the movie Contact,4701,2756,416
Did you know the sonic commercial guys were in Stranger Than Fiction?,10039,8097,344
Iron Man Hall of Armor at Disneyland,3762,1826,165
"Every Bond Girl, Updated: Comparison with Most Recent Photos",11314,9373,979
Stephen Colbert will appear in The Hobbit.  Not kidding.,9395,7450,619
What happened to the Fellowship after the ring?,27740,25805,2207
What is April putting in Donatello's drink in TMNT II?,7303,5363,651
Map of Road Trips in American Movies. What's missing?,10453,8515,3702
"I stumbled into this back alley in Istanbul and took a picture. When watching ""From Russia with Love"" after the trip I felt a strong sense of familiarity...",3603,1665,131
The Hobbit new poster,12146,10213,609
47 Ronin - Official Trailer [HD] Keanu Reeves,9197,7259,1344
Honest Trailers - The Avengers,7406,5472,1067
Leonardo DiCaprio in Tarantino's Django Unchained,9132,7198,953
What happens when you run a 40 year old movie trailer through a projector.,4665,2727,293
Star Wars family tree with possible characters for the new movies.,13418,11484,1461
Color palette repetition in 'Skyfall'.,6560,4629,287
Idris Elba in Pacific Rim,3877,1944,456
You Can Do Anything: Must Every Kids' Movie Reinforce the Cult of Self Esteem?,8758,6826,1920
Before They Were Famous: 25 Actors in 3 Minutes,3527,1605,524
Did you notice Arnold at end credit of expendables 2 ?,9292,7364,626
If you haven't seen Ip Man...do yourself a favor and check it out.,11284,9358,1353
"Man of Steel opens at $21 million Thursday night alone, beating ""The Avengers"" mark from a year ago",9113,7186,1760
May 1st is Streamageddon. Netflix to purge hundreds of titles as part of revamp which also includes potentially doing away with customizable queues entirely,4063,2138,736
New Poster For 'The Hangover Part III' Features a Menacing John Goodman,10645,8721,531
"Was re-watching Tinker, Tailor, Soldier, Spy when I noticed that Control and M have the same British bulldog on their desks.",7817,5887,408
Christopher Nolan Speaks About the Aurora Tragedy,7396,5475,1071
"I accidentally found, and fell in love with, IMDB's 404 page",12909,10984,262
"Spirited Away is IMO one of the most beautiful films ever made, so here's a gallery of 38 stills I took from it",15324,13405,1306
Watch Moon (2009) free on youtube,5926,4011,799
Apply for college now at Monster's University,6008,4096,380
"First look at a bearded Nic Cage in David Gordon Green's upcoming film, Joe",9243,7325,518
In the ending credits to A Serious Man,4235,2317,152
"Danny Devito directs and stars in the film Matilda, here's an album I made showing how he disguises the fact he is 5 foot tall.",13861,11948,582
New Nokia Man of Steel Trailer,4892,2980,869
Teaser Trailer for 'Star Trek Into Darkness' Released,4679,2768,1287
Seth Rogen and James Franco going to North Korea to assassinate Kim Jong-Un in The Interview,5897,3991,350
I drew Norman Bates in pen.,11154,9247,303
New Look At Vin Diesel In ‘Riddick’ [September 6th 2013],4004,2096,378
"Nice camouflage in ""The Matrix""",9169,7260,694
New Hobbit: An Unexpected Journey Trailer [HD],6133,4230,637
"New Trailer for ""Pacific Rim""",3481,1580,958
"I saw the movie ""The Intouchables"" last evening and I need to tell anyone and everyone about it.  I have never laughed as hard, or enjoyed a movie as much as this film.  I highly recommend it!",5720,3817,892
The saddest sequel that could ever exist,5124,3220,164
"A coworker draws movie characters, here's his latest. (Django Unchained)",16162,14259,241
New Official 'Thor: The Dark World' Poster,9574,7669,881
"This is Priceless! ""The Master"" elevator outtake.",4448,2546,278
Someone's making a Jurassic Park Half-Life 2 mod.,4952,3053,590
Movies that you didn't think were going to be good but then blew you out of the water.,5681,3783,12363
"Finding Dory: The Finding Nemo Sequel Will Explore Where Dory's From and What Happened to Her Family Plus, some new casting is revealed.",5364,3458,489
Alfred Hitchcock's hilarious advert message to cinemas that refused to screen REAR WINDOW (1954),4343,2446,161
"During Halloween, The Ghostbusters firehouse (FDNY H&amp;L 8) becomes its alter ego.",3027,1128,45
"Stills from Steve McQueen's new movie ""Twelve Years a Slave""",5133,3240,573
'Blackfish' Ensures You'll Never Go to SeaWorld Again,4050,2150,989
My Samuel L. Jackson Silhouettes,6401,4503,257
Rare behind the scenes and promo pics from Breakfast Club (Xpost /r/Moviesinthemaking),6988,5095,421
"I'm looking forward to the film, but does anyone else think Shia Laboeuf looks ridiculous on the poster for Lawless?",12281,10386,1467
"J.J. Abrams, Valve in talks for Half-Life or Portal film",6876,4983,925
'The Hobbit: An Unexpected Journey' has crossed $1 billion worldwide,9517,7626,1213
JJ Abrams: 'Star Wars Episode VII' starts filming in early 2014,3831,1938,671
2 New Stills from 'Riddick' [2013] (Featuring Vin Diesel and Karl Urban),4943,3052,444
Anchorman 2 Teaser Trailer. Whammy,5267,3381,400
Danny Boyle confirms that there will be a sequel to Trainspotting in 2016,3947,2059,308
Beanbags in a cinema? Hell yeah.,11451,9562,527
Famous guns from films.,11979,10088,1253
"If Jeff Bridges has a favorite shirt, this is probably it...",4755,2866,204
"For all you LOTR fans out there, my friends older sister made this in 30 hours (x-post from r/drawing",7216,5330,221
I Was Watching The Muppet Movie When I Had The Greatest Idea Of My Life,8075,6192,193
Lord of the Rings reunion (photo by Sarah Dunn for Empire Magazine) [crosspost from r/pics],6169,4291,423
The downfall of M. Night Shyamalan (A graphical representation).,10248,8372,2054
"I believe all movie theaters should have a rule somewhere along the lines of ""after 7pm, no one under the age of 5 will be allowed in""",16465,14586,3076
First Picture of Paul Giamatti as The Rhino in The Amazing Spiderman 2,4244,2365,414
"Chevy Chase and Beverley D'Angelo will reprise their roles in ""Vacation"" reboot starring Ed Helms as Rusty Griswold and Christina Applegate as his wife",4249,2371,382
Tina Fey And Amy Poehler Will Host Golden Globes Together,8031,6162,518
The Sandlot - Then (1993) and Now (2013),13471,11600,1107
Daniel Day-Lewis to retire from movies for five years.,4515,2636,716
Six new character posters for 'The World's End',8982,7111,388
"In 1998, Cinescape put together a list of movies in development to look forward to (""The Hobbit"", ""I Am Legend"", ""Superman Reborn"" to name a few). Some came to be, many did not. It's very cool to see how certain projects evolved into what we have now.",4926,3060,953
"Would anyone else love to see another film set in 
'The Fifth Element' universe?",13333,11462,1451
Rob Lowe reached Max Level long ago,11409,9537,610
"I loved Looper, but...",4306,2439,796
Ship being used in new Pirates of the Caribbean movie in Puerto Rico!,6393,4529,573
The Brazilian Poster for 'Hansel &amp; Gretel: Witch Hunters',9044,7171,787
I transcribed the final exam questions from 'Real Genius' (1985). Still waiting for a laser physics expert to solve them,4016,2149,610
"Monsters inc. sequal, Monsters University trailer.",7749,5879,913
Saw Tucker &amp; Dale Vs. Evil on netflix instant. Was surprisingly good and breath of fresh air compared to Hollywood rehashes as of late,5968,4104,515
Cross-stitch a friend did for Taken,15050,13189,276
"Red-band trailer for ""The End of the World"" starring James Franco, Seth Rogen, Jonah Hill, Jay Baruchel, Michael Cera, Paul Rudd, Jason Segel, Danny McBride, Aziz Ansari, and Craig Robinson. Oh.. and Emma Watson.",3612,1754,316
I Found a high quality image of The Wolverine Teaser poster,6567,4708,458
I noticed this while watching the Halloween movies on AMC,4213,2350,179
First photo from the set of Iron Man 3.,11895,10035,841
"Michael Bay's Rejected ""The Dark Knight"" Script",4636,2781,444
Harrison Ford Says He's Ready to Come Back For STAR WARS EPISODE 7,3358,1505,494
"I made a Wes Anderson box set for my brother in law. His favorite is Fantastic Mr. Fox, and he already had Life Aquatic.",7757,5899,467
New still from 'Star Trek Into Darkness',3101,1245,412
Turning on closed captions at the end of The Shining might give you a bit of a surprise...,4928,3072,518
"Empire Strikes Back, all in one glorious .gif (credit to creator in comments)",12126,10265,562
I realized that Batman Begins is an alternative ending for Taken 2,16855,15004,599
"13 fu#*ing minutes. 13 Goddamn fu#*ing minutes.
Or how trying to watch a DVD last night gave me my New Years resolution.",4892,3037,1440
TDKR set photos don't get any better than this.,8012,6158,451
Django Unchained concept art for alternative opening. Would have been interesting.,4715,2865,264
11 Things We No Longer See in Movie Theaters,4103,2252,645
"In Shutter Island, I absolutely love how Martin Scorsese screws with your head in the ""glass of water"" scene. For a movie about the insane, to make you tilt your head and question what your own sanity is absolutely brilliant.",3318,1467,264
Jurassic Park 4 Coming in 2014!,7628,5775,1075
Will Smith will NOT be involved with sequel to Independence Day.,5143,3293,939
Don Cheadle as Iron Patriot character poster,11572,9724,1015
Graphic Novel reading list for the inspiration behind Nolan's Batman trilogy,7807,5959,544
New STALINGRAD trailer looks pretty damn intense.,3532,1685,1002
Movie Monsters to Scale,16166,14319,1583
New Production Still For 'The Wolverine': Logan's Chopping Wood,4142,2301,457
Pacific Rim Kaiju Poster,4973,3134,414
"Jeff Bridges is making ""The Giver"" by Lois Lowry into a movie",4077,2241,288
"Ellen Page, Anna Paquin, And Shawn Ashmore Confirmed For X-Men: Days Of Future Past’",4207,2360,554
"This ""statue"" of Kim Jong Il from Team America: World Police is actually just a guy standing very still. You can see him slightly moving.",3996,2155,159
Beautiful art poster for American Psycho,9388,7547,373
Best/most realistic use of make up I've seen in a LONG time. (Levitt as young Bruce Willis in Looper),12711,10868,1112
Pacific Rim Jaegers(Giant Robots) Stats,7218,5382,1770
"Matt Damon and Michael Douglas cover Entertainment Weekly for, 'Behind The Candelabra'",4287,2449,286
Mulan has some nice and epic shots,7755,5914,540
My nomination for least type cast actor - Guy Pearce,5475,3639,503
The alternate ending on the Little Shop of Horrors: Director's Cut is something to behold (spoilers).,4053,2218,328
"First look at Bill Murray as Franklin Delano Roosevelt for his new film ""Hyde Park on Hudson""",5649,3809,338
48 hidden images in Black Swan,4086,2246,365
Some of Joseph Gordon-Levitt's makeup process to become a younger Bruce Willis in LOOPER (2012),4957,3126,230
"TIL Gary Oldman might not have been an actor if it weren't for Malcolm McDowell. Thanks him for ""changing his life.""",4829,2989,409
(Lego) Prometheus,10691,8861,188
Movie 43 RedBand Trailer - [2:29] NSFW,6234,4396,729
"If The Movie ""Inception"" Happened In Actual Dreams",13811,11976,540
Appropriate masks,8992,7158,377
"Official Trailer for Steve McQueen's ""12 Years a Slave"" [YouTube]",2947,1118,605
Back to the Future - Evolution of Biff,10015,8187,366
First Official Photo from Kick Ass 2,13977,12146,700
"A collection of Saul Bass' poster designs for ""The Shining"" and Stanley Kubrick's notes",4567,2743,303
Don't you think Pepsi would make a lot of money if they release bottles shaped like the ones they had in Back to the Future 2.,22833,21010,1351
A rarely-seen close-up of Max Schreck in makeup of NOSFERATU,5119,3298,167
The Lord of the Rings Chief Concept Designer John Howe's first sketch of Bag End.,4638,2812,143
Hitchcock's 'The Birds' is 50 years old today. Here's artist Sam Gilbey's beautiful illustration.,6857,5032,184
Andy Serkis has set up a studio to develop the art of performance capture. The Imaginarium studio.,3866,2045,236
"During the ice cream parlor scene in The Royal Tenenbaums, every table is made up of a father and his daughter.",7551,5726,330
Interior art mural for the new Tarantino XX 8-film Blu-ray collection,5196,3376,288
Jackass Presents: Bad Grandpa - Official Trailer,13273,11457,968
"Was watching Jurassic Park for the third time this week and just realized this. I'm sure you movie nuts already knew this, but I love the little details.",23413,21590,1077
Prometheus will be rated 'R',5034,3216,771
The LOTR trilogy posters by mondo,11705,9891,419
First Look at Joseph Gordon-Levitt and Scarlett Johansson in Don Jon’s Addiction,5641,3821,477
"My girlfriend makes clocks out of vinyl records - ""Evil Dead"" fans will appreciate her latest creation!",4022,2209,164
Machine Gun Preacher. With regards to Gerard Butler's AMA yesterday. This movie unfairly and undeservedly tanked upon release. An important and true story with a brilliant performance from Butler. On Netflix instant. Don't let the title fool you into thinking it's some shitty action movie.,7308,5495,873
"First Look at Jane Fonda and Alan Rickman as the Reagans in ""The Butler""",6462,4649,618
Peter Jackson originally wanted Nicolas Cage to play Aragorn. I decided to find out how that would have looked.,9989,8176,1621
Skyfall overtakes The Dark Knight Rises to become the seventh biggest film of all time,9827,8018,1590
Hobbit actors Stephen Fry &amp; Ian McKellen pay license for Hobbit Pub threatened with copyright infringement.,5508,3698,368
Creating Wolverine's Claws,3457,1651,277
Awesome poster for 'Cabin In The Woods',8030,6228,491
IMDb Pro - Secret Projects In Development by Top Directors,4824,3012,1195
Dragon Ball Z: Battle of Gods released today (March 30th),4607,2802,980
Prometheus Slip-up (not a spoiler),9930,8127,1168
Turns out Pacific Rim didn't do that well in Japan after all,5807,4001,1799
The Great Gatsby Character Posters,11430,9628,933
Alfred Hitchcock for photographer Jean-Loup Sieff [1962],5654,3848,96
Russell Crowe says he’s up for a Jor-El ‘Man Of Steel’ prequel if the fans are,5156,3355,567
Heath Ledger test photo with Joker prosthetics but no makeup.,8439,6640,325
"""This video seriously kicks some ass! 98 movie fight scenes carefully choreographed to music. How many can you name?""",3591,1789,483
2 and a half minutes of Pixar's new movie: Brave,5044,3246,1192
Joss Whedon's Hulk vs. Ang Lee's Hulk,11643,9843,1838
"The Underrated, Homaged list of Pretentiously Foreshadowed Plotholes - a list of words that /r/movies always gets wrong.",3025,1235,415
Mark Ruffalo on the set of The Avengers,6409,4613,292
The Breakfast Club - Then and Now (OC),16565,14771,917
"Despite the issues with Thor, I thought Asgard was created beautifully",9780,7984,1068
Universal Orlando is building a recreation of the Cabin in the Woods,3093,1302,213
New badass still from Edgar Wright's 'The World's End',10591,8801,622
"In the movie Lincoln (2012), there is a scene that features a dismembered leg on display.  What is the story behind it?",6806,5013,630
"""Harry Potter and the Half-Blood Prince"" is a beautiful film.",11748,9956,898
Skyfall - it's the little things that make this movie great [spoiler],5184,3390,568
"Jack Black, Will Ferrell, Jason Segel as The Hitchhiking Ghosts in new photo for Disney Parks",10583,8795,337
Some really good prosthetic makeup from An American Werewolf in London.,3623,1838,140
Hot Fuzz's most riveting scene,7824,6035,404
Promethius imagery in the Alien series,4725,2935,451
Favorite movie car? Mine's the V8 Interceptor from Mad Max series.,3249,1463,1140
To Kill A Mockingbird - Behind the Scenes,5691,3906,202
"So I'm home alone, drunk, watching An Extremely Goofy Movie when I catch what appears to be (after a thorough Googling) a heretofore unnoticed Easter Egg!",25599,23821,730
New Thor: The Dark World set photo of stunt double in updated sleeveless Thor armor! (x-post from /r/marvelstudios),7916,6136,488
How movie theaters SHOULD be laid out,16323,14537,1496
The Internet's response to the announcement of Heath Ledger playing the Joker........We were so wrong...,15304,13518,2286
"Why the MPAA doesn’t want your kid to see “Bully”: With its R rating for ""Bully,"" the ratings board reveals its true nature -- and may have doomed itself",4245,2462,717
I love old-school special effects [Jason &amp; The Argonauts - 1963],3063,1277,202
First Image of Evangeline Lilly in The Hobbit,7465,5686,817
Christian Bale Confirms he won't be Batman in Justice League film,3104,1325,703
"Well played, 'Shame'",7155,5378,318
4chan's predictions for the Star Wars blu-ray release,4280,2503,381
"So you know the poster for the fake Walt Disney biopic starring Ryan Gosling. Did you know all the other biopic poster its designer, Pascal Witazeck, did?",13080,11305,848
Arnold Schwarzenegger sporting grey hair and a beard (from his new movie 'The Tomb'),5158,3377,364
"While cleaning the attic, I found this newspaper clipping from when Jurassic Park first came out.",8607,6831,1058
Jeff Bridges and Ryan Reynolds shoot upcoming R.I.P.D. outside my office,5309,3529,429
"New ""Riddick"" poster!",3888,2117,180
Awesome 'Princess Mononoke' Poster,8644,6866,296
Favorite Scene from Fantastic Mr. Fox,8244,6465,415
Some LOTR &amp; Hobbit Trivia.,6751,4979,465
"TIL Arnold Schwarzenegger persuaded the production company to buy the rights to the original 'Total Recall' movie, obtained veto power over the producer, director, screenplay, co-stars and promotion, and personally recruited Paul Verhoeven to direct",3207,1438,286
"Star Wars Trilogy movie posters as homage to Full Metal Jacket, Goodfellas and American Beauty by oldredjalopy.com",9424,7658,145
"I visited the location of the opening scene of 'Night of the Living Dead', a tiny cemetery in Evans City, PA",7418,5645,435
There are just three ways to design a kids movie poster,17638,15861,1039
"Ladies and Gentlemen, Ben ""94%"" Affleck Finally Did It",4802,3036,431
So Warner Bros has started it's Oscar campaign for The Dark Knight Rises. I thought this was kind of neat.,3576,1810,661
Christoph Waltz - The Meisner technique,2892,1123,192
"Airplane funniest film ever, research finds",7154,5387,991
Watching Jack and the Beanstalk with my kid when I noticed what was written on the board.,10558,8792,444
The Star Wars alphabet,10921,9156,433
"Warner Brothers is changing up my hometown, Nogales Arizona, to look like Tijuana Mexico, for the filming of The Hangover Part 3.",6653,4892,761
"The Rotating Hallway from Inception, corrected for gravity",6163,4399,454
Superhero silhouettes make stunning use of negative space,5986,4226,197
"After realising I used to have picnics on Batman's lawn as a child, I went to visit Wayne Manor (TDKR) again. Here's a mini album.",3093,1335,157
My favorite Moneyball poster.,3969,2215,95
Blade Runner Cinemagraph from r/Cinemagraphs,5512,3752,266
/r/movies Official Oscar Thread,4086,2329,7635
Every Arnold scream from  every Arnold movie; it's almost too good to be true,8769,7013,375
Noticed that Taken 2 and skyfall had a sceen shoot in the exact same location.,11656,9898,687
"The Battery - $6,000 zombie movie that has won many small film festivals in the US and international.",3390,1640,522
Rumored that Christoper Nolan and Christian Bale to team up again for Justice League movie. Zack Snyder to possibly direct.,4320,2570,793
21 Jump Street sequel announced,5372,3615,400
First poster for Thor: The Dark World,5251,3501,383
The actor who only plays Saddam Hussein (xpost from /r/pics),5465,3708,177
Gandalf confronts the Goblin King in new Hobbit image,3369,1615,214
X-Men Days of Future Past. If Wolverine actually aged normally played by Clint Eastwood and Hugh Jackman (OC),10723,8974,513
Set Image from Evil Dead remake tweeted by the Director,7458,5708,690
"Petition to lower rating of the movie ""Bully"" so it can be shown in schools - started by a victim of bullying.",6760,5010,824
Marvel is considering Jon Benjamin (Archer) to play Rocket Racoon.  This needs to happen!!!,5018,3269,438
"Special effects before computers (from the Spencer Tracy film, ""A Guy Named Joe,"" 1943)",3359,1613,112
What you didn't know you were missing when you bought a Full-Screen DVD,2687,940,392
"Iron Man 3 Armors - ""Silver Centurion"" And ""Shotgun""",5130,3380,459
I just watched Spirited Away. It was fucking incredible.,6847,5103,1688
"Before 'Fifty Shades of Grey,' there was 'Secretary'",3154,1410,299
This is the End (Red Band Trailer),2690,947,282
'The Dirties' Trailer looks amazing!,3239,1498,449
I think Mark Hamill will play a great older and wiser Luke Skywalker. He looks pretty bad-ass here.,7545,5797,655
"Jeff Bridges is preliminarily cast as ""The Giver"" in 2013",4854,3110,473
One day - A man whose house magically teleports itself somewhere in the world every day,4444,2705,292
this could go in here... i wrapped one of the walls in my room with a collage of vintage sci-fi movie posters from the 50s and 60s,5807,4070,259
Semi-frozen moments from some of my favorite films.,8478,6731,528
"As a proud redditor, I'd like to share that I sold my first pitch to Warner Brothers. It was just announced today",5727,3992,659
Jack &amp; Jill is as bad as we thought,4960,3217,424
2 new stills from Thor: The Dark World (ft. Chris Hemsworth + Natalie Portman),9049,7313,803
30 Mind-Blowing (True) Facts about Famous Movie Scenes,6229,4495,446
New Netflix policy eliminates databases that sites such StreamingSoon.com and InstantWatcher.com used to give info about upcoming titles. Can we shoot Netflix an e-mail to change their minds?,2965,1224,300
"I watched this last night for the first time. Totally underrated, Jack Black is perfect in it. [Bernie]",3292,1556,392
8 Roles Johnny Depp Almost Played,6863,5128,815
New poster for 'World War Z'.  Damn!,10107,8375,1727
"Clearest look at Superman, Jor-El, General Zod, and Faora costumes in ""Man of Steel"" from NYC Toy Fair",6815,5080,945
Awesome Mondo poster of LOOPER by Martin Ansin,5335,3603,173
Clever poster for the film Looper,6922,5191,340
New Still From The Hobbit,10766,9033,449
On vacation in Montauk this weekend; found the beach house from Eternal Sunshine! And it only took like 30 minutes of wandering the beach.,6095,4368,326
Paintings of Famous Showdowns in Film History,7706,5970,423
"Peter Jackson confirms third ""Hobbit"" movie",6794,5061,1101
Did anyone else actually enjoy John Carter?,5586,3860,1782
An American Tail (1986) - One of my more traumatizing childhood movies,7059,5334,745
Star Wars retro travel posters,10778,9048,279
Joss Whedon poses the question: Are original Star Wars actors just too damn old to be in a new movie now?,5174,3451,894
"Point Break in the styles of Wes Anderson, David Lynch, Tommy Wiseau, and Joe Swanberg",3919,2197,324
"The Good, The Bad, The Weird. A Korean western on Netflix Instant that I think Redditors would dig.",3886,2162,473
Adam Savage painstakingly recreates Jason Bourne's red bank bag from The Bourne Identity.,3830,2102,380
I've spent the past 10 months creating this timelapse-movie. It would really mean a lot to me if you watched it!,8076,6346,957
Joss Whedon personally thanks fans for Avengers support in this letter.,5966,4245,627
Ryan Reynolds calls Deadpool movie like the worst relationship he's ever had.,7114,5395,1179
"When Robert Downey Jr. broke his leg while shooting Iron Man 3, they just continued shooting with a body double and doing CG face replacements.",7049,5322,715
So I guess IMDb saw that we liked their error page,5474,3757,60
Filming Godzilla,7645,5925,208
"Testing Interest: IamA Cinematographer on The Dark Knight Rises, as well as most of Chris Nolan's movies",2938,1222,341
Dark Knight Archetypes,9888,8171,564
"""The Game"" Criterion Artwork",5301,3581,459
"After seeing the 'Spirited Away' stills, I thought I'll share some '5 Centimeters Per Second' stills; a movie just as beautiful.",8555,6835,860
Richard Linklater might shoot his spiritual sequel to Dazed and Confused this fall - Movie News,4400,2690,318
"Why am I only just hearing of this? Poster for Joss Whedon's Shakespeare adaptation, ""Much Ado About Nothing""",3695,1978,362
"Just noticed this for the first time in Me, Myself and Irene...",8323,6607,426
"New Trailer for ""Life of Pi"" The cinematography of this movie looks amazing!",5004,3286,920
The Lion King Rises,4560,2848,316
Prometheus Trailer,3885,2165,846
Back to the Future Timeline,3931,2218,224
Confirmed: Jim Carrey to play the role of The Colonel in Kick-Ass II,5624,3910,847
Elysium's and District 9's Neill Blomkamp Would Still Love to Make a Halo Movie,3110,1397,359
Hidden Pinocchio egg in Disney's tangled ?.,5490,3778,198
"With Jack Reacher, World War Z, Ender's Game, and The Hobbit coming out... this is basically the state of Hollywood.",14359,12650,1553
Movie Posters from Alternate Timelines,4424,2712,226
Pacific Rim Number 1 Worldwide Again,3527,1821,697
I realized recently that Robin Williams has played three different characters in three different movies who can all have their head detached from their body and still function.,5230,3521,277
Pacific Rim has done amazing overseas; grossing over 178 million worldwide after its second weekend. And it still hasn't opened in China and Japan yet.,3003,1297,572
The problem with Gone with the Wind being the highest grossing movie of all time...,3810,2103,631
Concept Art Teases for Pixar's 2014 Movies &amp; Beyond,4501,2791,277
Google's new actor feature is amazing!,7026,5320,435
Hugh Jackman in a suit for The Wolverine,10157,8451,699
Last fall I accidentally stumbled onto the set of Lincoln.  Here is an album of what I found.,7203,5495,271
"New ""The Dark Knight Rises"" Poster",5791,4088,626
I appreciated this shot in Life of Pi,8892,7184,593
Great 80s throwback poster for The Cabin in the Woods,5288,3583,249
Putting up a New Hobbit Poster in NYC,13847,12140,382
2001's artwork: 38 years of Beauty into Beast,4346,2644,220
"FoldFive's ""feature length"" pixelated and amimated gif of Raiders of the Lost Ark.",3975,2274,104
The Cast of One Flew Over the Cuckoo's Nest,5843,4144,251
"Trailer for ""Green with Envy,"" starring Jason Segel, Amy Adams, and... well, you'll see.",3526,1822,348
"Great HD Pictures From ""The Master""",5346,3640,633
The 5 Craziest Ways Famous Actors Got into Character,11471,9770,1131
"Happy 100th birthday to the man in Godzilla suit, Katsumi Tezuka",5700,4002,91
Wanna See a ‘Dredd’ Sequel? Lend Your Voice to the Cause,5438,3743,541
The Little Rascals (then and now),9482,7786,1314
My professor did the title designs for Star Wars. Here's an original release print negative of C-3PO &amp; R2-D2.,5553,3855,122
I expect nothing more from The Dark Knight Rises than this (No spoilers).,11752,10058,1229
Currently watching Back To The Future II for the 30th time and just realized this character is also played by Michael J. Fox. The voice dub threw me off all these years.,9847,8153,786
Graph of how much each character talks in the Hobbit: An Unexpected Journey (x-post r/lotr),7423,5724,646
I thought I would explain some things about the Hulk through pictures (spoilers),15011,13319,991
The future according to films,10297,8607,710
"Poster for Disney and Sam Raimi's ""Oz The Great and Powerful""",5525,3834,568
"Another look at Jamie Foxx as Electro in ""Amazing Spider-Man 2""",3337,1643,464
John Constantine will be the lead character in Guillermo del Toro's upcoming Dark Universe movie (AKA Justice League Dark).,3051,1356,474
Some of the movie roles of James Gandolfini,3055,1359,174
"'Star Wars' spin-offs: A young Han Solo movie, and a Boba Fett film",3330,1637,926
Adam Sandler Knowingly created the worst film of all time. He hints at this in the final scene of Jack and Jill. (X-post /r/fantheories),8493,6804,1251
"After seeing the post about Andy's wallpaper in the Toy Story trilogy, I discovered this easter egg from Monster Inc.",19653,17967,329
"I've been waiting to see some red...a new image from The Wolverine, with a bit of blood on his claws",8692,7002,559
"""Avengers 2"" script should be finished in a couple of months, Joss Whedon explained: ""Don’t go bigger; go deeper. All of these people have met, so you have that out of the way. Now you can spend your time just digging in — and by digging in, I mean with a scalpel, to cause pain.""",3035,1343,373
"A visual review/summary of ""Drive""",8514,6829,1208
Jurassic Park 4 will take place on the original island of Isla Nublar,2850,1163,631
"Looks like that ""The Girl with the Dragon Tattoo"" DVD art has confused more than a few Amazon customers.",5919,4233,605
"My friend went to see The Hobbit, came home, and 3D-sculpted Azog The Defiler. Worked out quite well.",10370,8680,1028
Disney's Robin Hood had the lowest budget for any of their movies. Here is a picture of all the scenes they reused from their other movies.,5338,3648,319
"Dwayne ""The Rock"" Johnson wants to be a Jedi.",4767,3083,790
"""The only man who can stop Bond...is Bond.""",6479,4795,526
"I've created a site in which a film script is written from a community, crowdsourced website. We have 3 studios willing to give us a 2.5 million budget, will you guys help me create the first publicly created film?  (x-post from /r/crazyideas)",3452,1773,318
Did you movie look dim? Here's why. Bulb change pictures from a seasoned Projectionist.,6099,4417,716
The Geography of Disney Cartoons,9023,7335,991
My favorite movie fight scene of all time. Ip Man versus Jin (the Northerner).,3062,1381,555
MAN OF STEEL concept art,5275,3593,422
Gollum Through the Years,5627,3944,352
Has your Netflix Instant signal quality been sucking recently? Here's why that might be...,3062,1388,359
Solid science right there. (Iron Man 2 Director Commentary),8789,7112,926
Pixar's 12 most brilliant moments (yet),5707,4029,746
Watch designs in Fantastic Mr. Fox,9232,7559,428
I made a Cloverfield monster plush today. I think he's cute!,4034,2359,161
'Willow' (1988) Cast - Then &amp; Now.,4027,2352,437
Funny Games. Austria vs. USA [16 images],4809,3132,953
Found that the extras in Gladiator really enjoyed themselves.,7219,5541,358
New Hobbit Pictures including first look at Radagast,4475,2809,538
"Amazing Footage Of The Day The Clown Cried, Jerry Lewis' Unreleased, Controversial Holocaust Film",2992,1322,360
First look: Andre 3000 as Jimi Hendrix,6656,4981,658
Let's talk sequels!,13383,11711,562
"Philip Seymour Hoffman Joins Tom Hardy, Noomi Rapace &amp; Gary Oldman In 'Child 44'",3167,1500,282
My local theater is screening these films for the next 7 days,7161,5496,898
did anyone else notice the money in Total Recall?,12433,10770,1024
Academy Award Nominations,6788,5125,3197
"Wahlberg and DiCaprio, 1995",10519,8850,472
Monty Python to Reunite For Upcoming Film ABSOLUTELY ANYTHING to be directed by Terry Jones,4154,2491,266
Hollywood Moguls Stopping Obama Donations Because Of President’s Piracy Stand: “Not Give A Dime Anymore”,3796,2127,658
The Pixar Theory Visualized!,5239,3579,446
"Every Bond Girl, Updated: Comparison with Most Recent Photos",5721,4058,580
Exclusive stills from the upcoming film 'The Man With The Iron Fists' [NSFW-ish].,4396,2730,413
"Behind the Scenes of Planet of the Apes, 1967",5608,3948,189
First official photo of Bruce Willis and some other guy in DIE HARD 5 aka A GOOD DAY TO DIE HARD,3652,1987,506
And that's why Mulan is my favorite Disney movie,16384,14726,1280
"They say every Disney movie has a hidden sexual message. I found the one in ""The Brave Little Toaster"" (youtube link in image desc.)",10041,8385,541
"Preparing for tonight, I put together a printable version of Amy Poelher and Tina Fey's Golden Globes Drinking Game",3982,2319,104
My personal collection of behind the scenes pictures from the opening scene of Gladiator,4075,2415,219
Here are seven Princess Bride posters I made and thought r/movies might like!,6452,4790,462
"Official Image of Hugh Jackman from ""Wolverine""",4117,2457,363
Loki fans rejoice!: Additional scenes being added to Thor: The Dark World,1485,571,238
